"","ID","season","name","team","position","situation","games_played","icetime","shifts","iceTimeRank","expectedGoals","corsi","shotAttempts","points","goals","faceoffsWon","takeways","giveaways","hits"
"1",8471817,2022,"Ryan Reaves","MIN","R","5on5",73,40382,877,731,0.46,0.45,78,15,5,4,15,16,196
"2",8480950,2022,"Ilya Lyubushkin","BUF","D","5on5",68,52172,1252,340,0.46,0.48,76,11,1,0,21,18,83
"3",8475625,2022,"Matt Irwin","WSH","D","5on5",61,44257,977,336,0.46,0.48,139,5,2,0,9,17,114
"4",8480860,2022,"Kevin Bahl","NJD","D","5on5",42,32939,750,233,0.57,0.55,79,8,2,0,6,11,59
"5",8478047,2022,"Michael Bunting","TOR","L","5on5",82,67047,1404,389,0.56,0.52,244,36,14,1,47,37,83
"6",8480113,2022,"Alex Iafallo","LAK","L","5on5",59,44053,983,415,0.53,0.52,167,24,6,6,24,7,26
"7",8473604,2022,"Jonathan Toews","CHI","C","5on5",53,41769,885,301,0.38,0.44,83,14,4,384,30,32,7
"8",8473446,2022,"Erik Johnson","COL","D","5on5",63,56204,1305,267,0.49,0.48,175,7,0,0,13,16,104
"9",8478891,2022,"Mason Appleton","WPG","C","5on5",41,32671,704,205,0.55,0.51,98,12,3,1,9,9,41
"10",8474641,2022,"Adam Henrique","ANA","C","5on5",62,47265,1069,388,0.46,0.46,150,25,15,131,14,27,26
"11",8480028,2022,"Morgan Frost","PHI","C","5on5",81,65004,1472,435,0.49,0.48,214,36,16,370,30,17,83
"12",8478569,2022,"Noel Acciari","TOR","C","5on5",77,56676,1172,541,0.5,0.45,159,17,10,290,25,10,238
"13",8478046,2022,"Danton Heinen","PIT","L","5on5",65,38605,904,577,0.53,0.51,149,20,7,2,22,15,76
"14",8475149,2022,"Marcus Johansson","MIN","L","5on5",80,59274,1195,531,0.52,0.51,168,24,12,17,24,24,19
"15",8476878,2022,"Zemgus Girgensons","BUF","L","5on5",80,54049,1233,685,0.49,0.52,187,14,9,57,19,8,92
"16",8482660,2022,"Kent Johnson","CBJ","C","5on5",79,58507,1211,496,0.42,0.45,162,24,9,38,25,31,12
"17",8477494,2022,"Jonathan Drouin","MTL","L","5on5",58,42482,872,382,0.43,0.47,100,18,2,154,29,17,28
"18",8477330,2022,"Dominik Kubalik","DET","L","5on5",81,58379,1252,571,0.47,0.46,205,24,12,10,11,15,85
"19",8479520,2022,"Brandon Duhaime","MIN","R","5on5",51,29795,683,492,0.51,0.47,129,9,8,2,17,10,139
"20",8476439,2022,"Brett Ritchie","ARI","R","5on5",50,29324,699,462,0.48,0.53,111,12,8,2,10,18,77
"21",8474166,2022,"Alec Martinez","VGK","D","5on5",77,77980,1593,273,0.53,0.46,184,10,1,0,27,29,44
"22",8481704,2022,"Juuso Parssinen","NSH","C","5on5",45,32732,668,290,0.52,0.47,73,15,3,140,23,12,72
"23",8471303,2022,"Alexander Edler","LAK","D","5on5",64,50696,959,334,0.5,0.51,151,11,2,0,4,24,101
"24",8476329,2022,"Travis Boyd","ARI","C","5on5",82,62683,1451,484,0.41,0.43,123,21,12,385,28,20,34
"25",8473449,2022,"Kyle Okposo","BUF","R","5on5",75,56088,1186,484,0.49,0.53,208,19,6,130,21,19,73
"26",8475906,2022,"John Klingberg","MIN","D","5on5",67,69562,1326,192,0.39,0.43,164,19,6,0,16,38,54
"27",8478397,2022,"Rasmus Andersson","CGY","D","5on5",79,85469,2063,187,0.54,0.53,206,24,8,0,21,41,40
"28",8477499,2022,"Rasmus Ristolainen","PHI","D","5on5",74,69633,1593,327,0.48,0.46,140,11,1,0,19,38,139
"29",8477220,2022,"Nate Schmidt","WPG","D","5on5",71,64939,1366,283,0.54,0.52,202,13,4,0,20,40,42
"30",8474189,2022,"Lars Eller","COL","C","5on5",84,63558,1367,455,0.53,0.52,244,18,8,450,34,31,88
"31",8478851,2022,"Alexandre Carrier","NSH","D","5on5",43,37991,785,171,0.52,0.49,87,6,1,0,11,11,51
"32",8480336,2022,"Sean Walker","LAK","D","5on5",70,55703,1082,364,0.52,0.52,177,11,3,0,11,29,63
"33",8475793,2022,"Ryan Johansen","NSH","C","5on5",55,38875,843,395,0.5,0.51,91,15,6,362,19,17,42
"34",8480222,2022,"Sebastian Aho","NYI","D","5on5",71,64408,1368,313,0.54,0.53,171,19,4,0,12,34,36
"35",8480068,2022,"Ryan Poehling","PIT","C","5on5",53,29097,720,525,0.51,0.5,96,10,4,122,19,3,53
"36",8478463,2022,"Anthony Beauvillier","VAN","L","5on5",82,67061,1448,338,0.48,0.49,213,29,12,2,32,28,75
"37",8480901,2022,"Karson Kuhlman","WPG","C","5on5",47,29949,685,384,0.51,0.5,110,6,2,0,12,12,41
"38",8475225,2022,"Craig Smith","WSH","C","5on5",64,40482,960,562,0.5,0.5,170,15,9,2,22,21,47
"39",8481477,2022,"Nico Sturm","SJS","C","5on5",74,52023,1253,566,0.47,0.46,161,24,12,388,29,16,94
"40",8475287,2022,"Erik Haula","NJD","L","5on5",80,63105,1385,475,0.57,0.55,244,27,10,470,37,24,88
"41",8479336,2022,"Carl Grundstrom","LAK","R","5on5",57,34207,753,497,0.54,0.52,162,18,11,3,14,15,141
"42",8471214,2022,"Alex Ovechkin","WSH","L","5on5",73,63569,1371,221,0.48,0.49,329,40,20,4,20,42,179
"43",8477953,2022,"Kasperi Kapanen","STL","R","5on5",66,44586,1003,488,0.42,0.47,148,24,8,27,15,17,93
"44",8470600,2022,"Ryan Suter","DAL","D","5on5",82,82700,1612,247,0.53,0.53,203,20,3,0,20,35,69
"45",8479984,2022,"Cal Foote","NSH","D","5on5",50,41259,812,248,0.44,0.46,79,7,2,0,8,16,56
"46",8475462,2022,"Radko Gudas","FLA","D","5on5",72,61662,1324,306,0.58,0.56,226,17,2,0,16,29,279
"47",8481554,2022,"Kaapo Kakko","NYR","R","5on5",82,66975,1239,433,0.51,0.52,199,32,15,1,40,26,25
"48",8476891,2022,"Matt Grzelcyk","BOS","D","5on5",75,71905,1646,264,0.53,0.51,185,22,3,0,13,29,48
"49",8479368,2022,"Max Jones","ANA","L","5on5",69,50413,1125,460,0.42,0.42,174,19,9,10,22,18,109
"50",8476921,2022,"Jordan Martinook","CAR","L","5on5",82,65355,1426,415,0.6,0.61,284,31,11,27,38,18,78
"51",8480887,2022,"Jordan Harris","MTL","D","5on5",65,66010,1211,178,0.48,0.47,147,16,4,0,16,27,44
"52",8480806,2022,"Isac Lundestrom","ANA","C","5on5",61,43191,950,458,0.38,0.4,97,11,4,249,19,12,18
"53",8475177,2022,"Calvin de Haan","CAR","D","5on5",53,41070,881,268,0.61,0.6,151,12,2,0,15,17,79
"54",8475913,2022,"Mark Stone","VGK","R","5on5",43,37802,762,130,0.6,0.53,138,25,12,0,36,18,26
"55",8476988,2022,"Matt Benning","SJS","D","5on5",77,72872,1549,299,0.48,0.45,141,21,1,0,12,36,85
"56",8478402,2022,"Connor McDavid","EDM","C","5on5",82,80167,1534,212,0.58,0.54,306,60,33,451,56,50,78
"57",8482175,2022,"JJ Peterka","BUF","R","5on5",77,55867,1160,503,0.49,0.49,209,27,10,5,22,16,18
"58",8478500,2022,"Ivan Provorov","PHI","D","5on5",82,91924,1872,145,0.46,0.47,220,18,5,0,21,70,85
"59",8478115,2022,"Pierre Engvall","NYI","L","5on5",76,54793,1196,515,0.57,0.54,229,25,15,21,25,34,44
"60",8477507,2022,"Nikita Zadorov","CGY","D","5on5",82,78331,1903,321,0.54,0.6,253,19,13,0,28,46,151
"61",8478438,2022,"Tommy Novak","NSH","C","5on5",51,35573,738,374,0.46,0.48,107,27,11,162,23,14,7
"62",8475167,2022,"Victor Hedman","TBL","D","5on5",76,83936,1606,149,0.49,0.5,303,26,6,0,36,64,83
"63",8476326,2022,"Josh Archibald","PIT","R","5on5",62,30419,756,668,0.57,0.5,96,11,5,0,9,5,183
"64",8479390,2022,"Taylor Raddysh","CHI","R","5on5",78,61143,1261,441,0.46,0.46,176,20,12,9,32,23,77
"65",8478099,2022,"Kevin Labanc","SJS","R","5on5",72,54457,1238,431,0.53,0.54,204,29,13,5,36,25,69
"66",8477932,2022,"Aaron Ekblad","FLA","D","5on5",71,69744,1496,224,0.52,0.55,235,15,4,0,24,39,53
"67",8478055,2022,"Gustav Forsling","FLA","D","5on5",82,90144,1793,143,0.51,0.56,345,32,12,0,29,38,61
"68",8480289,2022,"Morgan Barron","WPG","C","5on5",70,47589,1095,509,0.52,0.5,170,16,7,12,16,13,114
"69",8473986,2022,"Alex Killorn","TBL","L","5on5",82,62451,1258,467,0.49,0.5,163,41,19,0,31,45,57
"70",8478493,2022,"Joel Eriksson Ek","MIN","C","5on5",78,59115,1194,480,0.53,0.5,256,33,7,416,34,9,102
"71",8476913,2022,"Devin Shore","EDM","C","5on5",47,24189,586,476,0.5,0.48,60,9,1,84,12,12,45
"72",8481019,2022,"David Gustafsson","WPG","C","5on5",46,23113,543,496,0.47,0.48,63,5,0,90,10,9,23
"73",8482110,2022,"Dawson Mercer","NJD","C","5on5",82,66136,1414,449,0.56,0.52,225,37,20,61,15,33,32
"74",8479339,2022,"Patrik Laine","CBJ","L","5on5",55,49031,973,207,0.47,0.5,201,30,13,24,22,29,25
"75",8478585,2022,"Derek Ryan","EDM","C","5on5",80,46542,1146,728,0.57,0.53,138,17,11,173,30,14,51
"76",8478507,2022,"John Marino","NJD","D","5on5",64,65899,1346,191,0.54,0.53,132,13,1,0,34,33,40
"77",8475754,2022,"Brock Nelson","NYI","C","5on5",82,69072,1544,313,0.5,0.5,260,48,24,422,40,30,46
"78",8475825,2022,"Jani Hakanp","DAL","D","5on5",82,76986,1591,316,0.5,0.47,197,14,5,0,12,41,188
"79",8481122,2022,"Simon Benoit","ANA","D","5on5",78,74258,1491,304,0.37,0.42,164,9,3,0,6,31,197
"80",8481481,2022,"Blake Lizotte","LAK","C","5on5",81,54822,1235,656,0.53,0.54,162,28,10,365,29,15,91
"81",8479992,2022,"Michael Rasmussen","DET","C","5on5",56,41302,937,340,0.51,0.46,125,21,7,156,14,7,118
"82",8475762,2022,"Derek Forbort","BOS","D","5on5",54,46152,1097,267,0.47,0.45,97,10,3,0,9,21,83
"83",8479365,2022,"Trent Frederic","BOS","C","5on5",79,53220,1255,591,0.56,0.5,181,29,16,22,23,20,105
"84",8475714,2022,"Calle Jarnkrok","TOR","C","5on5",73,49159,1156,608,0.52,0.5,159,29,16,23,16,10,43
"85",8476463,2022,"Jonas Brodin","MIN","D","5on5",60,65543,1206,131,0.52,0.52,163,10,2,0,22,20,41
"86",8478414,2022,"Timo Meier","NJD","R","5on5",78,72472,1483,185,0.57,0.55,443,36,22,20,50,53,143
"87",8480830,2022,"Andrei Svechnikov","CAR","R","5on5",64,54749,1168,224,0.61,0.61,281,33,17,3,33,38,133
"88",8470638,2022,"Patrice Bergeron","BOS","C","5on5",78,53655,1406,612,0.64,0.6,279,31,14,665,30,13,58
"89",8471686,2022,"Marc Staal","FLA","D","5on5",82,74692,1697,328,0.52,0.51,149,14,3,0,12,20,137
"90",8478399,2022,"Jonas Siegenthaler","NJD","D","5on5",80,83283,1726,245,0.55,0.53,178,19,3,0,22,35,86
"91",8478431,2022,"Evgeny Svechnikov","SJS","L","5on5",59,36329,881,529,0.46,0.48,115,14,8,5,24,17,98
"92",8474027,2022,"Justin Braun","PHI","D","5on5",51,40302,990,261,0.47,0.47,98,2,0,0,8,9,43
"93",8476399,2022,"Blake Coleman","CGY","C","5on5",82,66331,1473,364,0.59,0.6,294,32,12,19,29,29,101
"94",8479514,2022,"Rem Pitlick","MTL","C","5on5",46,31139,629,354,0.35,0.39,50,11,3,23,10,27,20
"95",8475188,2022,"Brayden McNabb","VGK","D","5on5",82,84960,1782,274,0.53,0.5,214,12,1,0,33,25,175
"96",8476292,2022,"Ondrej Palat","NJD","L","5on5",49,39873,893,271,0.59,0.54,124,18,7,0,19,21,64
"97",8478462,2022,"Nicolas Roy","VGK","C","5on5",65,50384,1113,403,0.52,0.48,130,19,9,298,34,13,79
"98",8477402,2022,"Pavel Buchnevich","STL","L","5on5",63,53000,1129,285,0.47,0.47,155,37,18,54,21,19,48
"99",8477496,2022,"Elias Lindholm","CGY","C","5on5",80,61371,1478,435,0.54,0.56,203,35,10,621,31,29,73
"100",8479442,2022,"Troy Stecher","CGY","D","5on5",81,67570,1509,371,0.43,0.46,173,14,3,0,16,33,59
"101",8475810,2022,"Bryan Rust","PIT","R","5on5",81,65402,1453,426,0.55,0.53,282,28,14,4,25,51,88
"102",8475191,2022,"Reilly Smith","VGK","R","5on5",78,60764,1288,512,0.53,0.51,200,35,12,2,27,28,56
"103",8478104,2022,"Sammy Blais","STL","L","5on5",71,46250,962,568,0.44,0.46,114,24,9,2,16,21,229
"104",8475797,2022,"Jarred Tinordi","CHI","D","5on5",44,38548,832,202,0.41,0.4,75,8,2,0,11,18,125
"105",8477501,2022,"Valeri Nichushkin","COL","R","5on5",53,45512,965,268,0.52,0.54,176,24,5,0,25,21,51
"106",8478474,2022,"Lawson Crouse","ARI","L","5on5",77,61247,1449,418,0.48,0.47,205,33,14,23,22,27,178
"107",8476483,2022,"Rickard Rakell","PIT","R","5on5",82,72342,1542,291,0.55,0.54,302,35,16,6,26,35,131
"108",8482964,2022,"Arber Xhekaj","MTL","D","5on5",51,42918,852,223,0.4,0.47,156,10,3,0,14,33,155
"109",8478416,2022,"Erik Cernak","TBL","D","5on5",70,65695,1416,257,0.52,0.52,159,12,1,0,16,28,168
"110",8475218,2022,"Mattias Ekholm","EDM","D","5on5",78,79495,1516,225,0.56,0.54,246,23,8,0,21,33,77
"111",8479999,2022,"Casey Mittelstadt","BUF","C","5on5",82,63134,1334,459,0.47,0.52,174,39,9,248,45,30,29
"112",8480980,2022,"Connor Dewar","MIN","C","5on5",81,44689,972,821,0.47,0.47,144,13,3,199,10,9,115
"113",8479353,2022,"Brett Howden","VGK","C","5on5",54,39500,866,364,0.46,0.42,105,12,5,114,22,6,103
"114",8475181,2022,"Nick Leddy","STL","D","5on5",78,87603,1851,176,0.45,0.46,155,20,2,0,40,33,37
"115",8480802,2022,"Ryan McLeod","EDM","C","5on5",57,38948,890,417,0.57,0.54,119,20,9,237,18,37,38
"116",8474090,2022,"Brendan Smith","NJD","D","5on5",60,49616,1065,302,0.57,0.54,126,4,0,0,16,30,97
"117",8474151,2022,"Ryan McDonagh","NSH","D","5on5",71,74784,1426,177,0.46,0.45,163,16,2,0,38,49,55
"118",8480188,2022,"Fabian Zetterlund","SJS","L","5on5",67,49079,1077,448,0.49,0.51,195,20,5,7,20,21,51
"119",8478407,2022,"Vince Dunn","SEA","D","5on5",81,94528,1870,137,0.54,0.55,260,42,13,0,41,47,106
"120",8470613,2022,"Brent Burns","CAR","D","5on5",82,85320,1705,254,0.62,0.62,412,30,12,0,39,36,34
"121",8480855,2022,"Jack McBain","ARI","C","5on5",82,56152,1382,631,0.42,0.4,132,23,10,300,17,26,293
"122",8474600,2022,"Roman Josi","NSH","D","5on5",67,79076,1423,93,0.5,0.51,356,31,8,0,20,25,43
"123",8478451,2022,"Ethan Bear","VAN","D","5on5",61,59557,1288,211,0.49,0.5,140,12,2,0,16,24,37
"124",8473544,2022,"Derick Brassard","OTT","C","5on5",62,37114,933,532,0.48,0.52,108,13,8,113,14,17,88
"125",8475760,2022,"Nick Bjugstad","EDM","C","5on5",78,61079,1429,419,0.48,0.47,207,26,15,408,30,29,154
"126",8482124,2022,"Quinton Byfield","LAK","C","5on5",53,39598,886,357,0.53,0.52,121,19,1,46,16,17,52
"127",8474150,2022,"Mikael Backlund","CGY","C","5on5",82,67104,1473,332,0.6,0.61,313,36,13,545,50,28,85
"128",8475227,2022,"Chris Wideman","MTL","D","5on5",46,33375,740,248,0.4,0.45,60,4,0,0,7,35,25
"129",8476469,2022,"Joel Armia","MTL","R","5on5",43,30000,604,299,0.42,0.46,107,11,5,2,13,12,33
"130",8477353,2022,"Tyler Motte","NYR","C","5on5",62,37738,842,552,0.47,0.46,165,17,6,12,19,23,116
"131",8481068,2022,"Yegor Sharangovich","NJD","C","5on5",75,54679,1164,508,0.52,0.53,207,23,9,25,28,26,20
"132",8478444,2022,"Brock Boeser","VAN","R","5on5",74,61096,1339,339,0.43,0.48,201,35,10,14,23,17,46
"133",8475790,2022,"Erik Gudbranson","CBJ","D","5on5",70,77428,1596,153,0.41,0.42,204,11,1,0,11,31,109
"134",8477948,2022,"Travis Sanheim","PHI","D","5on5",81,84965,1823,208,0.45,0.47,174,18,6,0,18,37,58
"135",8478469,2022,"Thomas Chabot","OTT","D","5on5",68,81692,1536,91,0.52,0.51,263,14,4,0,11,52,73
"136",8476467,2022,"Jamie Oleksiak","SEA","D","5on5",75,71970,1581,282,0.52,0.52,153,22,7,0,34,33,110
"137",8471724,2022,"Kris Letang","PIT","D","5on5",64,74549,1450,103,0.54,0.52,288,16,4,0,40,61,144
"138",8479293,2022,"Brandon Tanev","SEA","L","5on5",82,55390,1288,692,0.55,0.51,173,26,10,3,23,20,169
"139",8477941,2022,"Nick Ritchie","CGY","L","5on5",74,49159,1209,613,0.45,0.47,148,16,9,2,8,16,208
"140",8480817,2022,"K'Andre Miller","NYR","D","5on5",79,89197,1630,134,0.49,0.52,215,31,7,0,50,64,152
"141",8476960,2022,"Andreas Athanasiou","CHI","C","5on5",81,66331,1280,387,0.43,0.43,266,28,15,66,53,39,38
"142",8480448,2022,"Parker Kelly","OTT","L","5on5",55,27088,731,561,0.44,0.46,86,3,1,3,11,8,167
"143",8477969,2022,"Marcus Pettersson","PIT","D","5on5",68,74027,1488,175,0.56,0.52,200,21,1,0,22,40,120
"144",8476459,2022,"Mika Zibanejad","NYR","C","5on5",82,67427,1358,423,0.49,0.5,206,40,16,500,37,48,66
"145",8479536,2022,"Axel Jonsson-Fjallby","WPG","L","5on5",50,28321,666,490,0.49,0.5,96,13,6,1,12,12,42
"146",8476448,2022,"William Karlsson","VGK","C","5on5",82,66431,1336,444,0.55,0.51,212,33,8,481,31,23,41
"147",8475343,2022,"Nic Dowd","WSH","C","5on5",65,41854,968,570,0.52,0.5,96,23,13,336,24,28,128
"148",8477384,2022,"Josh Brown","ARI","D","5on5",68,51389,1253,339,0.4,0.4,122,7,4,0,9,25,142
"149",8479415,2022,"Michael McLeod","NJD","C","5on5",80,51923,1251,685,0.5,0.51,152,24,3,473,25,25,121
"150",8477987,2022,"Ryan Donato","SEA","C","5on5",71,45295,961,626,0.51,0.52,194,25,14,60,35,15,68
"151",8476438,2022,"Brandon Saad","STL","L","5on5",71,56745,1174,402,0.46,0.47,156,26,12,3,30,24,22
"152",8473419,2022,"Brad Marchand","BOS","L","5on5",73,56483,1316,347,0.59,0.57,216,33,11,11,33,51,69
"153",8482496,2022,"Nils Aman","VAN","C","5on5",68,45806,1049,522,0.43,0.41,77,14,4,169,8,6,41
"154",8477450,2022,"Jason Dickinson","CHI","C","5on5",78,60879,1241,447,0.46,0.45,187,20,8,298,42,28,107
"155",8480172,2022,"Jan Rutta","PIT","D","5on5",56,48165,1070,254,0.49,0.49,138,8,3,0,10,21,63
"156",8480196,2022,"Jacob Bryson","BUF","D","5on5",59,47326,1150,277,0.46,0.5,57,7,1,0,12,7,34
"157",8481656,2022,"Aliaksei Protas","WSH","C","5on5",58,38564,863,496,0.56,0.53,135,15,4,20,16,20,39
"158",8476470,2022,"Nathan Beaulieu","ANA","D","5on5",52,40348,852,275,0.39,0.39,76,4,0,0,9,15,48
"159",8477960,2022,"Adrian Kempe","LAK","R","5on5",82,67628,1455,381,0.54,0.52,300,34,22,14,17,27,105
"160",8471669,2022,"Paul Stastny","CAR","C","5on5",73,44517,964,636,0.61,0.61,115,18,7,235,20,7,20
"161",8479996,2022,"Cody Glass","NSH","C","5on5",72,51602,1064,498,0.5,0.49,162,20,6,304,30,16,60
"162",8478449,2022,"Roope Hintz","DAL","C","5on5",73,57229,1303,412,0.58,0.55,219,43,21,226,19,28,43
"163",8477951,2022,"Nick Schmaltz","ARI","C","5on5",63,57949,1228,190,0.5,0.5,176,38,15,9,52,43,9
"164",8477503,2022,"Max Domi","DAL","C","5on5",80,68594,1376,308,0.44,0.45,195,31,7,439,54,41,20
"165",8479407,2022,"Jesper Bratt","NJD","L","5on5",82,68219,1560,396,0.58,0.58,290,43,20,0,35,37,22
"166",8476473,2022,"Connor Murphy","CHI","D","5on5",80,81100,1680,249,0.42,0.42,165,9,4,0,23,32,151
"167",8478864,2022,"Kirill Kaprizov","MIN","L","5on5",67,64780,1148,140,0.53,0.55,293,33,18,0,46,37,59
"168",8477493,2022,"Aleksander Barkov","FLA","C","5on5",68,55983,1209,268,0.55,0.57,199,36,12,432,39,27,45
"169",8475753,2022,"Justin Faulk","STL","D","5on5",82,91043,2024,207,0.43,0.45,263,33,7,0,39,47,107
"170",8480035,2022,"Henri Jokiharju","BUF","D","5on5",60,66183,1397,165,0.48,0.51,144,13,3,0,14,29,59
"171",8480807,2022,"Mattias Samuelsson","BUF","D","5on5",55,62085,1297,154,0.49,0.48,128,9,2,0,18,16,86
"172",8480800,2022,"Quinn Hughes","VAN","D","5on5",78,90553,1774,127,0.48,0.52,228,31,4,0,41,33,25
"173",8478550,2022,"Artemi Panarin","NYR","L","5on5",82,75114,1350,214,0.49,0.53,236,50,19,6,34,89,22
"174",8477851,2022,"Jordan Oesterle","DET","D","5on5",52,47303,970,225,0.45,0.45,104,11,2,0,4,18,41
"175",8477346,2022,"MacKenzie Weegar","CGY","D","5on5",81,86792,2126,199,0.57,0.61,320,26,4,0,34,53,167
"176",8474628,2022,"Michael Stone","CGY","D","5on5",48,35232,933,266,0.52,0.58,189,8,5,0,5,14,53
"177",8481618,2022,"Alex Newhook","COL","C","5on5",82,60263,1307,565,0.51,0.51,163,26,11,191,25,16,59
"178",8474612,2022,"Travis Hamonic","OTT","D","5on5",75,66891,1495,290,0.48,0.51,258,16,5,0,16,53,97
"179",8477950,2022,"Tony DeAngelo","PHI","D","5on5",70,71706,1496,196,0.45,0.49,197,19,5,0,18,49,42
"180",8477930,2022,"Pierre-Edouard Bellemare","TBL","L","5on5",73,39318,881,766,0.45,0.47,81,11,4,256,21,19,58
"181",8476374,2022,"Sean Kuraly","CBJ","C","5on5",71,52473,1134,467,0.42,0.42,158,13,6,428,27,16,184
"182",8475220,2022,"Marcus Foligno","MIN","L","5on5",65,48553,982,415,0.48,0.5,130,17,7,6,23,24,226
"183",8481517,2022,"Brett Leason","ANA","R","5on5",54,34760,762,448,0.36,0.39,100,9,6,2,9,8,34
"184",8474563,2022,"Drew Doughty","LAK","D","5on5",81,96012,1590,118,0.52,0.52,186,19,4,0,21,46,95
"185",8480208,2022,"Drake Batherson","OTT","R","5on5",82,69640,1552,311,0.51,0.51,303,29,7,11,34,27,108
"186",8479675,2022,"Trevor Moore","LAK","L","5on5",59,46755,988,305,0.54,0.54,212,17,6,9,23,17,56
"187",8479977,2022,"Kailer Yamamoto","EDM","R","5on5",58,49670,1009,262,0.53,0.53,117,21,9,2,41,17,75
"188",8479542,2022,"Brandon Hagel","TBL","L","5on5",81,67991,1361,340,0.54,0.54,231,38,17,20,67,40,54
"189",8482062,2022,"Cole Smith","NSH","L","5on5",69,43062,928,636,0.46,0.47,99,12,3,0,21,14,189
"190",8476525,2022,"Colin Miller","DAL","D","5on5",79,74573,1565,306,0.52,0.54,254,18,5,0,28,44,104
"191",8476442,2022,"Matt Nieto","COL","L","5on5",81,54131,1279,623,0.52,0.49,158,22,11,7,27,18,40
"192",8480157,2022,"Calle Rosen","STL","D","5on5",49,42038,987,236,0.49,0.47,110,18,8,0,10,25,15
"193",8476392,2022,"Adam Lowry","WPG","C","5on5",82,56696,1391,622,0.54,0.51,161,23,9,456,24,18,150
"194",8478856,2022,"Conor Garland","VAN","R","5on5",81,63405,1424,427,0.48,0.49,227,31,12,2,43,29,45
"195",8479994,2022,"Jaret Anderson-Dolan","LAK","C","5on5",46,27381,609,430,0.48,0.48,77,11,7,21,4,6,61
"196",8476432,2022,"Boone Jenner","CBJ","C","5on5",68,63530,1280,193,0.48,0.48,282,26,15,517,24,23,122
"197",8478519,2022,"Anthony Cirelli","TBL","C","5on5",58,45049,939,322,0.53,0.51,161,21,7,291,31,15,31
"198",8479370,2022,"Tyson Jost","BUF","C","5on5",71,49836,1016,526,0.48,0.48,164,22,5,158,19,7,58
"199",8482671,2022,"Owen Power","BUF","D","5on5",79,95286,1917,159,0.48,0.52,184,24,3,0,22,43,24
"200",8476453,2022,"Nikita Kucherov","TBL","R","5on5",82,75143,1474,229,0.54,0.54,336,51,15,0,50,66,51
"201",8478421,2022,"A.J. Greer","BOS","L","5on5",61,32588,806,622,0.56,0.47,106,11,4,2,16,14,101
"202",8478904,2022,"Steven Lorentz","SJS","C","5on5",80,48406,1138,730,0.49,0.48,176,16,8,236,39,15,130
"203",8477365,2022,"Connor Clifton","BOS","D","5on5",78,74337,1590,277,0.51,0.48,166,20,4,0,18,45,185
"204",8477357,2022,"Saku Maenalanen","WPG","R","5on5",64,33769,826,636,0.42,0.45,100,10,4,1,14,16,111
"205",8480839,2022,"Rasmus Dahlin","BUF","D","5on5",78,93757,1987,163,0.52,0.53,263,33,9,0,39,47,90
"206",8480865,2022,"Noah Dobson","NYI","D","5on5",78,74122,1475,323,0.5,0.51,316,26,7,0,33,39,56
"207",8476906,2022,"Shayne Gostisbehere","CAR","D","5on5",75,75017,1524,216,0.49,0.51,216,19,4,0,26,48,39
"208",8476879,2022,"Cody Ceci","EDM","D","5on5",80,79366,1520,247,0.51,0.5,183,12,1,0,16,32,121
"209",8478432,2022,"Christian Fischer","ARI","R","5on5",80,57343,1391,544,0.43,0.43,187,21,11,5,18,27,120
"210",8476917,2022,"Adam Pelech","NYI","D","5on5",61,67078,1509,137,0.53,0.52,216,16,5,0,25,32,73
"211",8478452,2022,"Caleb Jones","CHI","D","5on5",80,81023,1556,264,0.46,0.47,180,11,2,0,32,48,118
"212",8478443,2022,"Brandon Carlo","BOS","D","5on5",75,67992,1519,303,0.55,0.5,152,13,2,0,20,17,114
"213",8480078,2022,"Filip Chytil","NYR","C","5on5",74,56930,1037,426,0.48,0.51,274,35,17,219,29,29,35
"214",8479944,2022,"Zach Aston-Reese","TOR","C","5on5",77,45894,1089,758,0.5,0.47,158,14,10,6,16,11,161
"215",8478439,2022,"Travis Konecny","PHI","R","5on5",60,52124,1153,221,0.46,0.49,242,32,17,18,29,20,43
"216",8476915,2022,"Jujhar Khaira","CHI","L","5on5",51,34595,728,418,0.47,0.47,94,9,4,125,18,19,101
"217",8476393,2022,"Nick Cousins","FLA","C","5on5",79,50745,1127,625,0.5,0.51,173,27,9,69,20,18,87
"218",8477931,2022,"Tomas Nosek","BOS","L","5on5",66,38475,961,639,0.49,0.45,95,14,4,276,12,19,59
"219",8474564,2022,"Steven Stamkos","TBL","C","5on5",81,67922,1379,344,0.5,0.49,229,41,16,333,21,36,85
"220",8482109,2022,"Alexis Lafrenire","NYR","L","5on5",81,65489,1213,437,0.47,0.52,204,29,12,23,30,33,137
"221",8475855,2022,"Jesper Fast","CAR","R","5on5",80,61797,1381,482,0.6,0.6,141,25,10,9,20,25,99
"222",8476889,2022,"Radek Faksa","DAL","C","5on5",81,55330,1238,627,0.53,0.52,126,18,10,231,21,15,84
"223",8474034,2022,"Pat Maroon","TBL","L","5on5",80,48930,1059,717,0.49,0.51,120,13,5,2,26,18,171
"224",8473422,2022,"Nick Foligno","BOS","L","5on5",60,38448,887,501,0.51,0.47,95,21,8,25,20,14,145
"225",8475750,2022,"Jon Merrill","MIN","D","5on5",73,60754,1209,343,0.47,0.46,94,11,2,0,16,12,44
"226",8480727,2022,"Zach Whitecloud","VGK","D","5on5",59,54775,1149,273,0.46,0.44,139,12,5,0,23,22,85
"227",8476480,2022,"Vladislav Namestnikov","WPG","C","5on5",77,49794,1101,638,0.55,0.53,156,21,7,72,27,10,106
"228",8476853,2022,"Morgan Rielly","TOR","D","5on5",65,66300,1368,174,0.52,0.51,183,19,3,0,20,52,64
"229",8477478,2022,"William Carrier","VGK","L","5on5",56,39738,959,465,0.58,0.5,164,25,16,1,18,8,132
"230",8479351,2022,"Sam Steel","MIN","C","5on5",65,50019,892,350,0.51,0.53,138,21,8,266,20,19,45
"231",8474602,2022,"Justin Schultz","SEA","D","5on5",73,66152,1509,310,0.5,0.5,170,17,5,0,10,22,30
"232",8476934,2022,"Brock McGinn","ANA","L","5on5",75,47578,1122,661,0.43,0.45,131,14,9,2,17,16,80
"233",8480326,2022,"Sheldon Dries","VAN","C","5on5",63,35992,895,650,0.45,0.45,126,10,6,194,4,15,79
"234",8475179,2022,"Dmitry Kulikov","PIT","D","5on5",67,64565,1291,234,0.39,0.43,135,15,3,0,17,36,85
"235",8476892,2022,"Colton Parayko","STL","D","5on5",79,94275,2023,126,0.45,0.46,229,21,4,0,55,44,108
"236",8479414,2022,"Nathan Bastian","NJD","R","5on5",43,25872,622,427,0.54,0.51,90,14,6,9,11,4,95
"237",8479344,2022,"Jesse Puljujarvi","CAR","R","5on5",75,51264,1161,556,0.56,0.55,207,15,5,0,24,18,136
"238",8474009,2022,"Nick Bonino","PIT","C","5on5",62,43436,1022,463,0.5,0.45,122,16,9,156,28,11,18
"239",8473507,2022,"Jeff Petry","PIT","D","5on5",61,62568,1232,176,0.54,0.52,198,19,3,0,16,28,154
"240",8476875,2022,"Mike Matheson","MTL","D","5on5",48,52484,905,118,0.43,0.47,177,21,6,0,31,64,47
"241",8477989,2022,"Christian Dvorak","MTL","C","5on5",64,47132,966,420,0.42,0.44,102,19,6,352,17,22,10
"242",8481014,2022,"Alexander Romanov","NYI","D","5on5",76,77454,1547,248,0.46,0.47,226,20,2,0,20,48,182
"243",8471677,2022,"Jack Johnson","COL","D","5on5",83,82945,1653,292,0.41,0.42,163,5,2,0,14,35,104
"244",8476539,2022,"Jonathan Marchessault","VGK","R","5on5",76,64265,1291,342,0.53,0.51,299,34,16,21,38,21,64
"245",8474683,2022,"Derek Grant","ANA","C","5on5",46,30683,701,389,0.41,0.4,103,14,3,172,13,8,34
"246",8477845,2022,"Trevor van Riemsdyk","WSH","D","5on5",75,70987,1477,311,0.52,0.51,180,20,7,0,27,34,18
"247",8478472,2022,"Mathieu Joseph","OTT","R","5on5",56,35767,883,413,0.49,0.5,98,12,0,3,18,16,77
"248",8474149,2022,"Evgenii Dadonov","DAL","R","5on5",73,54956,1155,446,0.5,0.5,178,22,7,1,18,30,31
"249",8476902,2022,"Esa Lindell","DAL","D","5on5",82,77983,1656,317,0.52,0.48,201,18,5,0,27,42,72
"250",8479337,2022,"Alex DeBrincat","OTT","R","5on5",82,69735,1522,305,0.5,0.5,296,30,12,8,37,25,101
"251",8480878,2022,"Nils Lundkvist","DAL","D","5on5",60,52350,1135,274,0.52,0.52,164,12,4,0,6,27,48
"252",8481032,2022,"Paul Cotter","VGK","C","5on5",55,40803,834,364,0.43,0.43,125,18,13,9,17,11,163
"253",8475170,2022,"Brayden Schenn","STL","C","5on5",82,70560,1443,327,0.42,0.45,180,41,12,354,35,38,134
"254",8477073,2022,"Kurtis MacDermid","COL","D","5on5",44,21087,528,276,0.46,0.46,51,6,1,0,6,7,86
"255",8476474,2022,"Stefan Noesen","CAR","R","5on5",78,44186,1029,795,0.64,0.63,165,21,6,29,27,25,93
"256",8476779,2022,"Brad Hunt","COL","D","5on5",47,31024,748,252,0.51,0.54,96,9,3,0,8,6,16
"257",8474013,2022,"Ian Cole","TBL","D","5on5",78,74838,1546,268,0.54,0.52,200,14,3,0,25,39,109
"258",8478013,2022,"Jake Walman","DET","D","5on5",63,61226,1289,226,0.53,0.5,218,14,8,0,27,32,41
"259",8480160,2022,"Radim Simek","SJS","D","5on5",44,35126,777,227,0.5,0.46,76,3,1,0,19,22,86
"260",8479772,2022,"Zack MacEwen","LAK","C","5on5",56,36558,834,438,0.45,0.47,131,10,4,14,13,12,148
"261",8477335,2022,"Kyle Burroughs","VAN","D","5on5",48,44237,963,196,0.47,0.47,89,4,2,0,5,12,155
"262",8474207,2022,"Nick Holden","OTT","D","5on5",65,53234,1196,290,0.51,0.52,142,13,2,0,8,24,71
"263",8476410,2022,"Josh Leivo","STL","L","5on5",51,34066,733,442,0.53,0.52,155,16,4,3,29,10,55
"264",8470794,2022,"Joe Pavelski","DAL","C","5on5",82,68021,1470,341,0.58,0.54,211,40,12,287,29,46,90
"265",8481711,2022,"Matias Maccelli","ARI","L","5on5",64,49825,1115,326,0.5,0.46,103,30,8,0,21,37,23
"266",8475231,2022,"Casey Cizikas","NYI","C","5on5",81,58942,1449,581,0.46,0.48,171,16,5,418,26,23,181
"267",8478831,2022,"Kevin Stenlund","WPG","C","5on5",54,29428,702,526,0.49,0.52,101,6,3,207,18,8,29
"268",8476389,2022,"Vincent Trocheck","NYR","C","5on5",82,73326,1326,262,0.5,0.53,273,40,10,508,47,50,176
"269",8476967,2022,"Brett Kulak","EDM","D","5on5",82,75457,1560,293,0.52,0.49,203,16,3,0,23,36,95
"270",8479322,2022,"Wade Allison","PHI","R","5on5",60,44970,994,385,0.49,0.47,153,14,9,1,20,7,187
"271",8478840,2022,"Will Borgen","SEA","D","5on5",82,71529,1695,384,0.5,0.5,159,19,3,0,12,22,175
"272",8474568,2022,"Luke Schenn","TOR","D","5on5",70,60956,1431,341,0.46,0.45,172,20,4,0,9,31,292
"273",8480031,2022,"Max Comtois","ANA","L","5on5",64,47854,993,415,0.4,0.42,119,17,9,23,11,34,80
"274",8480873,2022,"Rasmus Sandin","WSH","D","5on5",71,70738,1431,246,0.53,0.52,149,23,7,0,23,44,134
"275",8474574,2022,"Tyler Myers","VAN","D","5on5",78,84531,1765,198,0.45,0.45,206,12,1,0,20,43,81
"276",8475208,2022,"Brian Dumoulin","PIT","D","5on5",82,84377,1768,246,0.5,0.52,173,19,1,0,29,40,104
"277",8475235,2022,"Nicolas Deslauriers","PHI","L","5on5",80,44168,1018,816,0.44,0.45,125,11,5,3,11,7,302
"278",8476872,2022,"Scott Laughton","PHI","C","5on5",78,64198,1441,378,0.48,0.48,204,22,8,330,21,33,148
"279",8480023,2022,"Robert Thomas","STL","C","5on5",73,62745,1310,268,0.44,0.47,113,35,9,477,56,24,14
"280",8471276,2022,"David Krejci","BOS","C","5on5",70,57129,1174,277,0.47,0.48,135,40,12,293,14,29,39
"281",8480803,2022,"Evan Bouchard","EDM","D","5on5",82,74678,1406,304,0.59,0.57,288,25,5,0,55,66,85
"282",8474884,2022,"Mike Hoffman","MTL","L","5on5",67,50702,1023,403,0.43,0.45,167,20,11,14,19,36,22
"283",8477416,2022,"Oliver Bjorkstrand","SEA","R","5on5",81,63457,1347,463,0.5,0.54,283,34,15,15,50,19,60
"284",8480246,2022,"Nick Perbix","TBL","D","5on5",69,61039,1341,302,0.51,0.52,196,20,5,0,27,28,71
"285",8480003,2022,"Jesper Boqvist","NJD","C","5on5",70,45807,1035,612,0.54,0.52,126,21,10,66,22,28,49
"286",8480871,2022,"Adam Boqvist","CBJ","D","5on5",46,41194,899,201,0.45,0.48,87,13,5,0,10,22,21
"287",8473548,2022,"Phil Kessel","VGK","R","5on5",82,55145,1210,735,0.48,0.46,212,25,12,5,34,23,9
"288",8471709,2022,"Marc-Edouard Vlasic","SJS","D","5on5",78,67729,1490,362,0.51,0.48,165,16,1,0,28,34,38
"289",8475842,2022,"Sam Carrick","ANA","C","5on5",52,29745,682,495,0.32,0.39,78,6,3,151,12,7,96
"290",8477946,2022,"Dylan Larkin","DET","C","5on5",80,64101,1337,363,0.49,0.49,271,32,9,441,38,35,42
"291",8479323,2022,"Adam Fox","NYR","D","5on5",82,88198,1722,226,0.54,0.54,207,34,8,0,65,58,19
"292",8478133,2022,"Jake Evans","MTL","C","5on5",54,36612,756,394,0.45,0.46,90,13,0,250,13,26,25
"293",8477939,2022,"William Nylander","TOR","R","5on5",82,68585,1451,330,0.56,0.53,358,49,22,20,64,29,17
"294",8476826,2022,"Yanni Gourde","SEA","C","5on5",81,68415,1378,312,0.54,0.55,205,37,7,408,52,26,108
"295",8479398,2022,"Samuel Girard","COL","D","5on5",76,84129,1704,191,0.52,0.53,242,25,4,0,37,33,62
"296",8477942,2022,"Kevin Fiala","LAK","L","5on5",69,57770,1212,275,0.55,0.53,241,39,9,8,17,31,47
"297",8482089,2022,"Jake Neighbours","STL","L","5on5",43,28716,608,345,0.42,0.43,78,8,5,4,13,3,62
"298",8476441,2022,"Joel Edmundson","MTL","D","5on5",61,57214,1121,223,0.41,0.43,108,8,2,0,9,54,97
"299",8476854,2022,"Hampus Lindholm","BOS","D","5on5",80,84429,1727,164,0.57,0.53,242,28,6,0,25,52,67
"300",8477479,2022,"Tyler Bertuzzi","BOS","L","5on5",50,39910,835,214,0.52,0.53,144,19,4,2,12,22,49
"301",8478366,2022,"Frank Vatrano","ANA","R","5on5",81,66323,1396,401,0.35,0.42,277,27,13,7,18,25,84
"302",8477435,2022,"Ryan Graves","NJD","D","5on5",78,79941,1621,245,0.53,0.52,278,21,8,0,18,41,81
"303",8479998,2022,"Mikey Anderson","LAK","D","5on5",77,86337,1440,158,0.51,0.52,181,17,4,0,17,27,150
"304",8477444,2022,"Andre Burakovsky","SEA","L","5on5",49,40036,845,232,0.46,0.5,141,22,8,0,29,14,17
"305",8478843,2022,"Denis Malgin","COL","C","5on5",65,39828,877,583,0.55,0.54,185,20,13,4,29,23,67
"306",8475745,2022,"Charlie Coyle","BOS","C","5on5",82,65218,1464,366,0.52,0.48,211,34,15,431,38,33,61
"307",8480012,2022,"Elias Pettersson","VAN","C","5on5",80,67884,1487,311,0.52,0.5,252,56,21,395,41,33,55
"308",8482077,2022,"Dylan Holloway","EDM","L","5on5",51,26947,619,494,0.54,0.52,77,9,3,17,11,17,83
"309",8480853,2022,"Liam Foudy","CBJ","C","5on5",62,40352,856,524,0.41,0.44,118,14,7,2,20,7,58
"310",8481013,2022,"Jonatan Berggren","DET","R","5on5",67,46795,960,503,0.47,0.48,129,18,9,2,14,23,20
"311",8479671,2022,"Mathieu Olivier","CBJ","R","5on5",66,43211,957,558,0.45,0.43,134,13,5,1,16,8,177
"312",8480043,2022,"Timothy Liljegren","TOR","D","5on5",67,62125,1353,280,0.55,0.51,139,13,5,0,8,34,89
"313",8477500,2022,"Bo Horvat","NYI","C","5on5",79,70385,1542,266,0.49,0.51,219,38,19,595,31,31,55
"314",8479371,2022,"Dante Fabbro","NSH","D","5on5",79,71112,1472,322,0.49,0.48,190,9,1,0,17,32,102
"315",8477425,2022,"Miles Wood","NJD","L","5on5",76,49270,1144,662,0.49,0.51,245,24,11,1,15,25,98
"316",8481072,2022,"Tim Berni","CBJ","D","5on5",59,57269,1200,234,0.46,0.46,119,3,1,0,19,24,115
"317",8479388,2022,"Riley Stillman","BUF","D","5on5",50,40748,931,247,0.46,0.5,103,8,1,0,6,12,78
"318",8477919,2022,"Frederick Gaudreau","MIN","C","5on5",82,60507,1169,529,0.47,0.47,158,22,9,357,36,16,41
"319",8478400,2022,"Colin White","FLA","C","5on5",68,36584,882,609,0.46,0.5,108,14,7,78,14,16,60
"320",8477903,2022,"Garnet Hathaway","BOS","R","5on5",84,51274,1243,796,0.51,0.49,137,21,13,2,10,12,262
"321",8482055,2022,"Drew O'Connor","PIT","L","5on5",46,25327,592,448,0.52,0.52,119,11,5,16,14,17,62
"322",8477998,2022,"Warren Foegele","EDM","L","5on5",67,46693,1068,485,0.58,0.55,215,27,12,7,47,25,92
"323",8475233,2022,"David Savard","MTL","D","5on5",62,67692,1198,142,0.44,0.42,112,17,3,0,11,49,49
"324",8476887,2022,"Filip Forsberg","NSH","L","5on5",50,39861,853,210,0.51,0.5,192,26,14,0,26,23,81
"325",8476456,2022,"Jonathan Huberdeau","CGY","C","5on5",79,63232,1457,366,0.55,0.57,150,36,10,3,27,46,62
"326",8473533,2022,"Jordan Staal","CAR","C","5on5",81,63645,1433,459,0.6,0.61,175,31,15,602,25,28,142
"327",8478233,2022,"Andrew Mangiapane","CGY","L","5on5",82,64777,1457,408,0.58,0.59,261,35,15,3,36,31,77
"328",8479543,2022,"Michael Pezzetta","MTL","L","5on5",63,33341,735,679,0.47,0.43,111,14,7,7,4,17,236
"329",8480281,2022,"Alexey Toropchenko","STL","R","5on5",69,44642,945,593,0.46,0.44,119,17,8,2,14,21,121
"330",8476458,2022,"Ryan Strome","ANA","C","5on5",82,69191,1473,368,0.36,0.43,155,32,10,320,22,45,27
"331",8478038,2022,"Devon Toews","COL","D","5on5",80,92006,1786,169,0.56,0.55,254,34,6,0,40,29,73
"332",8476923,2022,"Damon Severson","NJD","D","5on5",81,83515,1643,250,0.6,0.57,210,27,4,0,23,37,39
"333",8475193,2022,"Tomas Tatar","NJD","L","5on5",82,64563,1522,464,0.63,0.57,231,35,15,13,33,28,56
"334",8477933,2022,"Sam Reinhart","FLA","C","5on5",82,65513,1393,406,0.55,0.55,237,29,9,123,30,27,43
"335",8476278,2022,"Colin Blackwell","CHI","C","5on5",53,32433,706,518,0.4,0.43,87,9,2,16,12,14,47
"336",8477451,2022,"Ryan Hartman","MIN","R","5on5",59,48521,896,266,0.52,0.53,229,27,11,201,23,29,59
"337",8479066,2022,"Ryan Lomberg","FLA","L","5on5",82,53043,1203,662,0.52,0.53,215,20,12,14,27,12,145
"338",8477488,2022,"Brett Pesce","CAR","D","5on5",82,88201,1731,210,0.57,0.58,300,20,2,0,50,19,32
"339",8476873,2022,"Mark Jankowski","NSH","C","5on5",50,30922,669,453,0.44,0.43,97,9,4,160,12,12,43
"340",8480025,2022,"MacKenzie Entwistle","CHI","R","5on5",66,40832,877,621,0.4,0.42,87,8,3,84,15,19,126
"341",8476822,2022,"Luke Glendening","DAL","C","5on5",70,39983,1012,743,0.46,0.48,121,3,1,254,8,7,109
"342",8477504,2022,"Josh Morrissey","WPG","D","5on5",78,89904,1853,135,0.51,0.51,274,40,12,0,28,53,80
"343",8475791,2022,"Taylor Hall","BOS","L","5on5",61,48081,1084,280,0.52,0.51,198,25,9,2,24,34,30
"344",8480434,2022,"Sean Durzi","LAK","D","5on5",72,67038,1242,263,0.52,0.52,195,20,8,0,20,45,59
"345",8476981,2022,"Josh Anderson","MTL","R","5on5",69,55681,1085,354,0.44,0.44,212,25,15,15,18,16,125
"346",8476979,2022,"Erik Gustafsson","TOR","D","5on5",70,69709,1380,246,0.54,0.54,220,24,7,0,20,40,48
"347",8476869,2022,"Brady Skjei","CAR","D","5on5",81,87122,1725,202,0.57,0.59,354,27,11,0,32,46,64
"348",8470621,2022,"Corey Perry","TBL","R","5on5",81,46110,1014,797,0.54,0.51,145,12,6,0,28,23,45
"349",8477839,2022,"Conor Sheary","WSH","L","5on5",82,62373,1328,492,0.5,0.48,221,26,11,11,39,27,52
"350",8479591,2022,"Michael Eyssimont","TBL","C","5on5",54,36974,870,387,0.58,0.56,198,14,5,11,26,13,104
"351",8479987,2022,"Morgan Geekie","SEA","C","5on5",69,39483,883,682,0.5,0.5,121,27,8,251,24,14,52
"352",8480893,2022,"Kirill Marchenko","CBJ","R","5on5",59,46329,964,358,0.45,0.46,176,16,13,9,28,16,30
"353",8481557,2022,"Matt Boldy","MIN","L","5on5",81,66702,1216,368,0.52,0.51,308,28,20,53,42,33,61
"354",8480011,2022,"Klim Kostin","EDM","C","5on5",57,33842,812,520,0.48,0.49,100,19,11,4,12,15,157
"355",8475744,2022,"Evgeny Kuznetsov","WSH","C","5on5",81,63755,1319,429,0.43,0.48,194,31,6,422,36,44,37
"356",8476429,2022,"Scott Mayfield","NYI","D","5on5",82,87323,1796,237,0.51,0.49,291,22,6,0,21,59,99
"357",8479346,2022,"Dillon Dube","CGY","C","5on5",82,60181,1418,541,0.48,0.55,195,37,13,26,20,19,115
"358",8474573,2022,"Josh Bailey","NYI","R","5on5",64,46874,1060,425,0.44,0.48,97,21,8,34,17,39,11
"359",8477505,2022,"Alex Wennberg","SEA","C","5on5",82,66921,1440,396,0.5,0.53,121,25,7,452,57,21,39
"360",8481186,2022,"Logan O'Connor","COL","R","5on5",82,59465,1363,543,0.49,0.48,182,23,7,1,35,20,107
"361",8481528,2022,"Dylan Cozens","BUF","C","5on5",81,58211,1325,583,0.49,0.49,231,39,21,411,23,12,51
"362",8482149,2022,"Cole Perfetti","WPG","C","5on5",51,40094,862,288,0.52,0.53,128,23,5,3,17,14,32
"363",8479383,2022,"Boris Katchouk","CHI","L","5on5",58,36627,790,548,0.43,0.47,116,14,5,3,19,14,80
"364",8481624,2022,"Ilya Mikheyev","VAN","R","5on5",46,37885,814,205,0.46,0.47,115,25,12,2,12,8,13
"365",8476449,2022,"Scott Harrington","ANA","D","5on5",45,42128,869,174,0.48,0.44,82,10,3,0,5,10,51
"366",8478483,2022,"Mitchell Marner","TOR","R","5on5",80,69996,1451,285,0.56,0.53,248,53,15,0,77,65,48
"367",8482073,2022,"Braden Schneider","NYR","D","5on5",81,71813,1468,381,0.43,0.44,163,16,5,0,20,51,141
"368",8478420,2022,"Mikko Rantanen","COL","R","5on5",82,84032,1757,181,0.53,0.54,362,53,32,155,55,33,70
"369",8479314,2022,"Matthew Tkachuk","FLA","L","5on5",79,68564,1442,263,0.61,0.61,334,58,22,9,33,43,64
"370",8471215,2022,"Evgeni Malkin","PIT","C","5on5",82,68244,1455,357,0.57,0.54,241,44,15,394,75,72,45
"371",8477476,2022,"Artturi Lehkonen","COL","L","5on5",64,56440,1202,286,0.54,0.55,194,27,10,2,20,8,79
"372",8476346,2022,"Johnny Gaudreau","CBJ","L","5on5",80,73679,1473,239,0.47,0.47,278,39,13,0,45,34,5
"373",8479945,2022,"Gavin Bayreuther","CBJ","D","5on5",51,44494,949,230,0.43,0.46,112,13,2,0,8,9,45
"374",8474145,2022,"Robert Bortuzzo","STL","D","5on5",43,27448,752,257,0.45,0.44,58,5,2,0,5,12,56
"375",8476460,2022,"Mark Scheifele","WPG","C","5on5",81,77095,1495,156,0.5,0.51,218,39,25,441,52,34,42
"376",8476462,2022,"Dougie Hamilton","NJD","D","5on5",82,87160,1876,241,0.56,0.55,411,36,13,0,18,65,58
"377",8478398,2022,"Kyle Connor","WPG","L","5on5",82,76330,1516,194,0.51,0.51,299,42,20,2,36,29,42
"378",8475324,2022,"Nick Jensen","WSH","D","5on5",77,81306,1622,218,0.5,0.49,240,28,5,0,32,54,86
"379",8475455,2022,"Brenden Dillon","WPG","D","5on5",82,80967,1799,272,0.53,0.53,194,18,2,0,13,34,177
"380",8477934,2022,"Leon Draisaitl","EDM","C","5on5",80,77811,1475,233,0.53,0.52,219,51,17,475,61,79,62
"381",8475171,2022,"Oliver Ekman-Larsson","VAN","D","5on5",54,55077,1178,165,0.44,0.47,159,15,2,0,9,22,52
"382",8476479,2022,"Phillip Danault","LAK","C","5on5",82,67494,1437,380,0.54,0.53,192,28,13,496,16,23,76
"383",8477021,2022,"Alexander Kerfoot","TOR","C","5on5",82,58581,1276,584,0.53,0.52,192,24,6,40,37,33,50
"384",8478109,2022,"Victor Olofsson","BUF","L","5on5",75,51309,1126,621,0.45,0.5,188,23,17,0,20,17,15
"385",8478975,2022,"Mason Marchment","DAL","L","5on5",68,56288,1191,257,0.5,0.49,210,23,8,6,34,36,85
"386",8477940,2022,"Nikolaj Ehlers","WPG","L","5on5",45,33304,748,285,0.55,0.57,217,25,9,0,26,18,35
"387",8477409,2022,"Carter Verhaeghe","FLA","C","5on5",81,69841,1466,279,0.56,0.56,337,52,28,20,35,44,28
"388",8475158,2022,"Ryan O'Reilly","TOR","C","5on5",53,44450,950,252,0.52,0.5,123,21,11,378,41,10,15
"389",8480008,2022,"Adam Ruzicka","CGY","C","5on5",44,25818,630,427,0.54,0.57,95,14,4,78,12,9,26
"390",8481147,2022,"Reese Johnson","CHI","C","5on5",54,31722,686,559,0.37,0.4,74,6,4,101,10,6,168
"391",8470595,2022,"Eric Staal","FLA","C","5on5",72,49173,1088,535,0.51,0.5,157,26,12,278,25,30,25
"392",8478859,2022,"Niko Mikkola","NYR","D","5on5",81,74528,1740,365,0.45,0.43,122,6,1,0,7,33,138
"393",8480144,2022,"David Kampf","TOR","C","5on5",82,60475,1301,512,0.5,0.48,154,23,7,425,39,26,69
"394",8475151,2022,"Kyle Palmieri","NYI","C","5on5",55,45554,1026,238,0.52,0.51,165,27,13,8,9,17,68
"395",8474578,2022,"Erik Karlsson","SJS","D","5on5",82,102494,1791,112,0.52,0.54,355,64,16,0,73,84,29
"396",8477369,2022,"Carson Soucy","SEA","D","5on5",78,66706,1562,381,0.51,0.52,188,15,3,0,24,29,123
"397",8476885,2022,"Jacob Trouba","NYR","D","5on5",82,85587,1627,244,0.48,0.51,311,21,5,0,29,45,199
"398",8478010,2022,"Brayden Point","TBL","C","5on5",82,73653,1432,247,0.55,0.53,257,59,29,331,42,33,34
"399",8480798,2022,"Philipp Kurashev","CHI","C","5on5",70,58717,1121,271,0.42,0.43,164,19,8,57,33,18,35
"400",8475722,2022,"Jason Zucker","PIT","L","5on5",78,64982,1373,329,0.57,0.55,296,37,24,2,33,32,189
"401",8476856,2022,"Matt Dumba","MIN","D","5on5",79,88396,1597,149,0.49,0.49,236,14,4,0,14,32,96
"402",8474567,2022,"Zach Bogosian","TBL","D","5on5",46,39183,775,219,0.49,0.5,115,5,1,1,4,25,110
"403",8480192,2022,"Johnathan Kovacevic","MTL","D","5on5",77,70210,1332,323,0.48,0.48,194,15,3,0,29,76,86
"404",8478508,2022,"Yakov Trenin","NSH","C","5on5",77,56623,1110,466,0.48,0.47,230,18,9,11,27,38,160
"405",8482740,2022,"Wyatt Johnston","DAL","C","5on5",82,65192,1380,392,0.5,0.49,232,33,21,135,44,45,20
"406",8479980,2022,"Nicolas Hague","VGK","D","5on5",81,82858,1700,283,0.5,0.47,240,16,2,0,18,25,112
"407",8478057,2022,"Dakota Joshua","VAN","C","5on5",79,48972,1214,725,0.47,0.44,99,20,9,18,25,9,216
"408",8482745,2022,"Mason McTavish","ANA","C","5on5",80,60436,1301,476,0.43,0.43,171,24,8,282,25,25,53
"409",8477429,2022,"Andrew Copp","DET","C","5on5",82,65477,1325,357,0.43,0.45,146,26,5,461,17,37,31
"410",8475718,2022,"Justin Holl","TOR","D","5on5",80,80078,1721,241,0.52,0.5,101,17,2,0,23,49,125
"411",8479420,2022,"Tage Thompson","BUF","C","5on5",78,65485,1373,294,0.49,0.54,371,55,25,309,37,31,50
"412",8476454,2022,"Ryan Nugent-Hopkins","EDM","C","5on5",82,66722,1403,468,0.53,0.52,199,39,16,230,47,20,41
"413",8474037,2022,"James van Riemsdyk","PHI","L","5on5",61,46393,1053,398,0.53,0.51,156,21,8,7,23,9,16
"414",8478042,2022,"Viktor Arvidsson","LAK","R","5on5",77,65336,1375,281,0.54,0.53,324,27,12,22,19,28,22
"415",8473512,2022,"Claude Giroux","OTT","R","5on5",82,69808,1623,288,0.56,0.56,241,42,23,410,40,26,66
"416",8482665,2022,"Matty Beniers","SEA","C","5on5",80,66528,1362,364,0.52,0.52,200,40,17,354,46,38,77
"417",8475200,2022,"Dmitry Orlov","BOS","D","5on5",66,71974,1350,134,0.53,0.53,198,21,4,0,24,38,120
"418",8481598,2022,"Philip Broberg","EDM","D","5on5",46,31370,688,258,0.59,0.57,69,8,1,0,11,19,28
"419",8476897,2022,"Oskar Sundqvist","MIN","C","5on5",67,43656,938,589,0.46,0.45,94,18,6,21,13,17,59
"420",8479325,2022,"Charlie McAvoy","BOS","D","5on5",67,66649,1439,198,0.55,0.54,170,26,3,0,18,33,73
"421",8481560,2022,"Arthur Kaliyev","LAK","R","5on5",56,31753,737,553,0.5,0.53,152,15,5,0,8,11,38
"422",8478020,2022,"Michael Amadio","VGK","R","5on5",67,46444,977,536,0.52,0.5,139,25,15,30,35,11,56
"423",8480049,2022,"Dylan Samberg","WPG","D","5on5",63,48327,1073,345,0.56,0.54,113,6,2,0,17,29,85
"424",8475178,2022,"Zack Kassian","ARI","R","5on5",51,27697,696,512,0.34,0.39,45,2,2,3,8,19,31
"425",8474716,2022,"Jared Spurgeon","MIN","D","5on5",79,78387,1550,266,0.53,0.51,240,23,9,0,8,16,56
"426",8481641,2022,"Joel Kiviranta","DAL","L","5on5",70,43681,1059,664,0.45,0.51,125,7,6,2,22,13,112
"427",8478396,2022,"Noah Hanifin","CGY","D","5on5",81,85640,2069,215,0.55,0.54,291,24,5,0,30,43,68
"428",8474031,2022,"Kevin Shattenkirk","ANA","D","5on5",75,70960,1381,284,0.43,0.44,210,18,3,0,30,29,77
"429",8482113,2022,"Anton Lundell","FLA","C","5on5",73,53152,1187,470,0.53,0.55,186,19,9,210,29,34,25
"430",8477392,2022,"Hudson Fasching","NYI","R","5on5",49,35955,841,369,0.52,0.51,108,18,10,2,16,12,45
"431",8483808,2022,"Andrei Kuzmenko","VAN","L","5on5",81,62475,1380,471,0.52,0.52,193,49,21,0,31,26,13
"432",8480355,2022,"Mark Kastelic","OTT","C","5on5",65,31579,893,669,0.49,0.48,110,11,7,275,17,13,151
"433",8478873,2022,"Troy Terry","ANA","R","5on5",70,65943,1349,167,0.46,0.49,239,41,13,1,38,24,9
"434",8475166,2022,"John Tavares","TOR","C","5on5",80,64825,1415,368,0.55,0.52,290,37,16,508,41,43,106
"435",8476468,2022,"J.T. Miller","VAN","C","5on5",81,68428,1534,333,0.46,0.51,210,32,12,311,46,29,188
"436",8477498,2022,"Darnell Nurse","EDM","D","5on5",82,92994,1659,125,0.52,0.52,342,31,7,0,33,61,132
"437",8478427,2022,"Sebastian Aho","CAR","C","5on5",75,61778,1269,348,0.61,0.58,245,37,22,362,43,42,47
"438",8480884,2022,"Calen Addison","MIN","D","5on5",62,45697,955,339,0.48,0.51,109,7,3,0,9,18,17
"439",8482222,2022,"Alexander Barabanov","SJS","L","5on5",68,59548,1315,228,0.51,0.5,163,33,12,1,28,31,35
"440",8478468,2022,"Jeremy Lauzon","NSH","D","5on5",67,56779,1208,319,0.44,0.45,156,10,3,0,1,19,229
"441",8479385,2022,"Jordan Kyrou","STL","C","5on5",79,68303,1428,314,0.43,0.47,337,42,22,4,50,48,12
"442",8478498,2022,"Jake DeBrusk","BOS","L","5on5",64,46336,1125,416,0.63,0.58,209,30,19,4,21,11,77
"443",8480039,2022,"Martin Necas","CAR","C","5on5",82,69729,1418,310,0.56,0.58,293,35,13,146,40,45,54
"444",8479372,2022,"Josh Mahura","FLA","D","5on5",82,65118,1459,414,0.57,0.56,191,16,4,0,11,24,97
"445",8477433,2022,"Ben Harpur","NYR","D","5on5",42,34673,721,221,0.4,0.43,77,6,1,0,13,23,63
"446",8474679,2022,"Gustav Nyquist","MIN","C","5on5",51,41346,869,257,0.45,0.46,125,20,8,10,23,16,35
"447",8476624,2022,"Barclay Goodrow","NYR","C","5on5",82,57608,1168,651,0.45,0.46,140,27,10,220,25,29,118
"448",8480849,2022,"Barrett Hayton","ARI","C","5on5",82,65270,1520,438,0.5,0.49,202,26,12,463,22,28,74
"449",8474565,2022,"Alex Pietrangelo","VGK","D","5on5",73,79801,1602,192,0.54,0.48,246,31,7,0,45,42,56
"450",8475690,2022,"Chris Tanev","CGY","D","5on5",65,64294,1615,221,0.6,0.6,149,10,1,0,18,27,44
"451",8479345,2022,"Jakob Chychrun","OTT","D","5on5",48,52364,1038,94,0.48,0.51,193,21,4,0,15,37,49
"452",8477956,2022,"David Pastrnak","BOS","R","5on5",82,72410,1485,201,0.53,0.53,432,61,34,6,44,84,82
"453",8477949,2022,"Alex Tuch","BUF","R","5on5",74,61530,1320,295,0.51,0.54,273,48,21,23,48,33,47
"454",8478466,2022,"Daniel Sprong","SEA","R","5on5",66,37356,796,683,0.57,0.54,203,32,15,2,20,18,32
"455",8479318,2022,"Auston Matthews","TOR","C","5on5",74,70138,1417,148,0.57,0.53,399,52,26,517,61,41,71
"456",8476905,2022,"Chandler Stephenson","VGK","C","5on5",81,69021,1415,339,0.53,0.48,132,44,7,468,51,21,62
"457",8474613,2022,"Derek Stepan","CAR","C","5on5",73,36513,847,789,0.64,0.65,173,10,5,197,19,9,27
"458",8477573,2022,"Nathan Walker","STL","L","5on5",56,32266,687,569,0.4,0.42,72,10,2,88,6,5,80
"459",8479983,2022,"Mario Ferraro","SJS","D","5on5",72,75918,1373,195,0.47,0.46,130,8,2,0,38,26,111
"460",8475169,2022,"Evander Kane","EDM","L","5on5",41,38872,720,127,0.48,0.51,221,21,14,12,9,30,122
"461",8479369,2022,"Andrew Peeke","CBJ","D","5on5",80,84716,1727,236,0.42,0.44,176,10,5,0,21,28,157
"462",8480833,2022,"Vitali Kravtsov","VAN","R","5on5",44,27674,574,385,0.48,0.5,74,5,3,0,11,6,28
"463",8480073,2022,"Erik Brannstrom","OTT","D","5on5",74,59690,1341,349,0.56,0.55,178,13,2,0,24,39,47
"464",8478434,2022,"Keegan Kolesar","VGK","R","5on5",74,50284,1211,663,0.53,0.46,112,18,8,7,14,16,279
"465",8474870,2022,"Tyler Johnson","CHI","C","5on5",59,46695,954,311,0.44,0.44,159,17,6,36,31,19,53
"466",8480015,2022,"Owen Tippett","PHI","R","5on5",77,65214,1494,362,0.51,0.49,309,33,16,17,35,18,119
"467",8471274,2022,"Alex Goligoski","MIN","D","5on5",46,43078,831,183,0.5,0.52,104,2,0,0,9,16,28
"468",8475799,2022,"Nino Niederreiter","WPG","R","5on5",78,61665,1249,363,0.54,0.54,239,32,19,6,31,20,151
"469",8480058,2022,"Pierre-Olivier Joseph","PIT","D","5on5",75,62508,1418,344,0.53,0.53,194,18,4,0,32,33,82
"470",8479972,2022,"Mason Shaw","MIN","C","5on5",59,34096,718,558,0.49,0.48,134,14,6,12,13,14,83
"471",8477986,2022,"Brandon Montour","FLA","D","5on5",80,86137,1733,174,0.53,0.53,302,33,11,0,27,43,86
"472",8477070,2022,"Liam O'Brien","ARI","C","5on5",56,34842,881,491,0.41,0.39,70,10,3,4,5,19,199
"473",8481601,2022,"Simon Holmstrom","NYI","R","5on5",50,32114,796,473,0.52,0.48,75,9,6,0,21,13,9
"474",8478043,2022,"Sam Lafferty","TOR","C","5on5",70,50534,1048,488,0.44,0.45,136,20,8,184,18,29,117
"475",8480813,2022,"Joe Veleno","DET","C","5on5",81,56336,1163,587,0.45,0.45,134,15,8,257,26,16,147
"476",8475766,2022,"Austin Watson","OTT","L","5on5",75,36003,981,783,0.44,0.46,119,8,6,4,16,20,159
"477",8482245,2022,"Artem Zub","OTT","D","5on5",53,56685,1144,108,0.52,0.5,97,7,1,0,7,30,116
"478",8477962,2022,"Brendan Lemieux","PHI","L","5on5",45,26485,598,400,0.49,0.51,78,9,2,7,6,5,128
"479",8476874,2022,"Olli Maatta","DET","D","5on5",78,77211,1578,233,0.44,0.46,134,22,5,0,23,34,63
"480",8479458,2022,"Nikita Zaitsev","CHI","D","5on5",46,38658,884,199,0.42,0.42,47,7,1,0,5,22,91
"481",8475747,2022,"Patrik Nemeth","ARI","D","5on5",75,64096,1425,318,0.41,0.41,135,3,0,0,10,23,95
"482",8475764,2022,"Cam Fowler","ANA","D","5on5",82,92530,1696,156,0.42,0.44,190,26,6,0,22,38,14
"483",8475786,2022,"Zach Hyman","EDM","L","5on5",79,73558,1411,287,0.56,0.53,312,49,16,4,32,22,74
"484",8482087,2022,"Kaiden Guhle","MTL","D","5on5",44,45512,875,120,0.42,0.43,93,16,4,0,21,46,73
"485",8482655,2022,"J.J. Moser","ARI","D","5on5",82,75698,1741,265,0.45,0.44,161,18,3,0,11,33,67
"486",8470610,2022,"Zach Parise","NYI","L","5on5",82,61176,1438,576,0.52,0.47,210,21,12,6,14,20,82
"487",8477244,2022,"Chad Ruhwedel","PIT","D","5on5",47,35369,830,249,0.53,0.53,92,5,1,0,14,8,76
"488",8479661,2022,"Tanner Jeannot","TBL","L","5on5",76,53063,1080,512,0.52,0.49,174,16,5,8,22,27,282
"489",8477406,2022,"Mattias Janmark","EDM","C","5on5",66,48940,1065,423,0.49,0.49,101,19,5,25,20,23,18
"490",8480027,2022,"Jason Robertson","DAL","L","5on5",82,73028,1540,185,0.59,0.56,356,56,26,0,56,58,54
"491",8478970,2022,"Jalen Chatfield","CAR","D","5on5",78,61420,1334,411,0.61,0.6,208,12,5,0,26,20,73
"492",8475168,2022,"Matt Duchene","NSH","C","5on5",71,61497,1205,187,0.48,0.49,204,34,12,96,32,44,23
"493",8476882,2022,"Teuvo Teravainen","CAR","L","5on5",68,50359,1055,462,0.57,0.57,149,20,4,22,31,39,14
"494",8476331,2022,"Dylan DeMelo","WPG","D","5on5",75,74099,1642,243,0.53,0.51,184,22,3,0,15,42,113
"495",8473994,2022,"Jamie Benn","DAL","L","5on5",82,56023,1386,712,0.51,0.48,226,41,17,348,40,36,88
"496",8478401,2022,"Pavel Zacha","BOS","C","5on5",82,62450,1366,452,0.5,0.5,156,43,15,99,25,30,57
"497",8477495,2022,"Seth Jones","CHI","D","5on5",65,72038,1361,133,0.48,0.47,210,20,8,0,32,44,88
"498",8471698,2022,"T.J. Oshie","WSH","R","5on5",58,43967,925,317,0.45,0.48,137,22,10,14,40,24,116
"499",8477126,2022,"Jayson Megna","ANA","C","5on5",55,29684,644,544,0.41,0.38,59,7,2,132,9,6,47
"500",8471675,2022,"Sidney Crosby","PIT","C","5on5",82,75434,1642,215,0.55,0.54,307,55,22,739,54,57,69
"501",8477506,2022,"Ryan Pulock","NYI","D","5on5",82,86956,1847,225,0.48,0.47,266,21,4,0,19,34,132
"502",8480185,2022,"Eetu Luostarinen","FLA","C","5on5",82,61525,1362,490,0.56,0.55,209,34,15,149,39,33,55
"503",8480069,2022,"Cale Makar","COL","D","5on5",60,67057,1282,141,0.57,0.57,275,28,9,0,42,38,49
"504",8482093,2022,"Seth Jarvis","CAR","C","5on5",82,66578,1354,393,0.61,0.59,245,25,13,8,34,26,68
"505",8479324,2022,"Ryan Lindgren","NYR","D","5on5",63,61427,1255,230,0.53,0.54,156,14,0,0,10,16,60
"506",8480021,2022,"Jack Studnicka","VAN","C","5on5",48,28464,664,459,0.38,0.43,103,8,4,71,17,6,60
"507",8475314,2022,"Anders Lee","NYI","L","5on5",82,66339,1550,417,0.56,0.53,262,31,20,24,23,29,120
"508",8475279,2022,"Ben Chiarot","DET","D","5on5",76,78016,1617,210,0.44,0.42,193,17,3,0,6,16,125
"509",8477511,2022,"Anthony Mantha","WSH","R","5on5",67,51669,1014,368,0.53,0.52,181,22,10,6,22,28,66
"510",8475798,2022,"Mikael Granlund","PIT","C","5on5",79,61319,1267,373,0.47,0.48,143,21,6,123,28,20,72
"511",8475763,2022,"Kevin Hayes","PHI","C","5on5",81,68619,1472,351,0.48,0.5,291,32,10,262,34,30,48
"512",8473473,2022,"Milan Lucic","CGY","L","5on5",77,50556,1163,644,0.49,0.54,138,17,7,17,28,26,166
"513",8480762,2022,"Eric Robinson","CBJ","L","5on5",72,49696,1105,569,0.42,0.42,171,20,10,2,18,13,121
"514",8476918,2022,"Jimmy Vesey","NYR","L","5on5",81,57659,1158,607,0.54,0.51,181,19,7,3,44,29,98
"515",8477454,2022,"Adam Erne","DET","L","5on5",61,42003,908,438,0.41,0.42,107,14,6,10,11,15,155
"516",8481523,2022,"Kirby Dach","MTL","C","5on5",58,48810,927,211,0.49,0.49,147,18,8,79,25,26,47
"517",8481540,2022,"Cole Caufield","MTL","R","5on5",46,38585,773,166,0.43,0.49,190,24,17,0,19,20,17
"518",8480009,2022,"Eeli Tolvanen","SEA","R","5on5",61,43589,941,433,0.5,0.53,159,22,14,2,18,7,90
"519",8475726,2022,"Tyler Toffoli","CGY","R","5on5",82,61227,1499,529,0.58,0.59,323,40,19,5,32,26,52
"520",8471218,2022,"Blake Wheeler","WPG","R","5on5",72,57203,1252,380,0.51,0.53,192,32,7,55,41,21,46
"521",8477456,2022,"J.T. Compher","COL","L","5on5",82,73403,1565,348,0.52,0.51,172,30,12,554,23,23,32
"522",8476419,2022,"Jean-Gabriel Pageau","NYI","C","5on5",70,52651,1322,452,0.53,0.46,144,22,3,500,23,30,161
"523",8482105,2022,"Jake Sanderson","OTT","D","5on5",77,71700,1553,275,0.5,0.52,192,14,2,0,24,35,37
"524",8480829,2022,"Jesperi Kotkaniemi","CAR","C","5on5",82,61604,1265,506,0.59,0.6,176,29,12,327,28,39,102
"525",8477404,2022,"Jake Guentzel","PIT","L","5on5",78,72122,1559,197,0.54,0.54,295,37,16,6,33,36,75
"526",8482705,2022,"Cole Sillinger","CBJ","C","5on5",64,44295,966,493,0.43,0.44,160,7,1,279,15,15,101
"527",8474102,2022,"David Perron","DET","L","5on5",82,63153,1410,433,0.49,0.5,200,28,15,2,37,25,103
"528",8479525,2022,"Ross Colton","TBL","C","5on5",81,53758,1160,643,0.49,0.53,224,23,12,96,36,20,182
"529",8478458,2022,"Jack Roslovic","CBJ","C","5on5",77,56354,1152,525,0.4,0.44,152,29,6,325,27,37,37
"530",8477955,2022,"Jared McCann","SEA","L","5on5",79,58873,1296,546,0.55,0.55,270,48,30,15,40,22,59
"531",8474709,2022,"Matt Martin","NYI","L","5on5",81,52971,1268,714,0.44,0.49,160,18,7,8,15,20,294
"532",8475768,2022,"Jaden Schwartz","SEA","C","5on5",71,61027,1287,253,0.52,0.54,209,23,9,24,42,27,53
"533",8474141,2022,"Patrick Kane","NYR","R","5on5",73,66983,1249,192,0.4,0.42,243,33,16,0,28,46,13
"534",8473453,2022,"Trevor Lewis","CGY","C","5on5",82,49583,1189,780,0.5,0.55,206,17,6,103,18,11,152
"535",8478495,2022,"Denis Gurianov","MTL","R","5on5",66,46554,1013,487,0.4,0.46,193,14,6,0,14,31,40
"536",8475197,2022,"Tyson Barrie","NSH","D","5on5",85,79374,1549,306,0.49,0.48,213,21,8,0,24,38,50
"537",8476372,2022,"Nick Seeler","PHI","D","5on5",77,61973,1440,423,0.52,0.48,160,13,4,0,8,24,119
"538",8479343,2022,"Clayton Keller","ARI","R","5on5",82,79249,1735,163,0.47,0.49,271,53,24,16,48,49,17
"539",8478440,2022,"Dylan Strome","WSH","C","5on5",81,63233,1333,428,0.52,0.5,204,39,17,419,41,33,19
"540",8476792,2022,"Torey Krug","STL","D","5on5",63,57716,1362,267,0.45,0.49,198,15,3,0,17,27,39
"541",8479393,2022,"Noah Gregor","SJS","C","5on5",57,41845,952,384,0.46,0.43,186,16,10,5,25,10,94
"542",8480797,2022,"Joel Farabee","PHI","L","5on5",82,66268,1473,418,0.47,0.46,210,35,15,16,23,33,65
"543",8477887,2022,"Patrick Brown","OTT","C","5on5",61,36435,870,557,0.46,0.47,115,11,3,150,6,12,166
"544",8474673,2022,"TJ Brodie","TOR","D","5on5",58,61482,1246,113,0.57,0.52,94,13,2,0,23,33,40
"545",8476958,2022,"Jaccob Slavin","CAR","D","5on5",76,83957,1593,156,0.61,0.61,272,21,4,0,66,36,26
"546",8481522,2022,"Peyton Krebs","BUF","C","5on5",74,53033,1123,539,0.45,0.52,126,21,7,224,17,24,90
"547",8477979,2022,"Nicolas Aube-Kubel","WSH","R","5on5",53,35267,785,448,0.51,0.52,132,12,4,6,14,18,116
"548",8479425,2022,"Filip Hronek","VAN","D","5on5",64,64917,1318,184,0.47,0.46,188,16,4,0,9,25,83
"549",8471699,2022,"Andrew Cogliano","COL","C","5on5",79,50016,1300,686,0.47,0.48,117,17,10,18,19,8,53
"550",8475692,2022,"Mats Zuccarello","MIN","R","5on5",78,72062,1234,198,0.5,0.52,237,30,9,22,39,29,46
"551",8476927,2022,"Teddy Blueger","VGK","C","5on5",63,39849,893,534,0.48,0.47,114,13,3,226,20,15,67
"552",8470966,2022,"Mark Giordano","TOR","D","5on5",78,72912,1599,317,0.56,0.51,208,21,2,0,19,37,55
"553",8476931,2022,"Jake McCabe","TOR","D","5on5",76,77652,1593,212,0.49,0.48,175,21,3,0,27,38,144
"554",8480205,2022,"Emil Bemstrom","CBJ","R","5on5",55,35265,740,475,0.45,0.47,143,15,3,7,16,8,16
"555",8477508,2022,"Curtis Lazar","NJD","C","5on5",49,31281,774,432,0.46,0.44,79,5,3,126,13,5,135
"556",8477426,2022,"Nicholas Paul","TBL","L","5on5",80,62952,1280,411,0.48,0.51,176,23,9,390,43,30,103
"557",8477964,2022,"Ivan Barbashev","VGK","C","5on5",82,67932,1358,420,0.47,0.46,171,36,12,50,43,37,178
"558",8480848,2022,"Ty Dellandrea","DAL","C","5on5",82,58832,1338,594,0.5,0.51,157,24,8,91,17,24,119
"559",8470604,2022,"Jeff Carter","PIT","C","5on5",79,50473,1212,639,0.48,0.47,188,15,7,415,20,24,73
"560",8476925,2022,"Colton Sissons","NSH","C","5on5",82,58545,1230,566,0.46,0.45,145,24,9,391,22,21,153
"561",8474053,2022,"Logan Couture","SJS","C","5on5",82,63773,1514,474,0.5,0.48,199,36,14,518,50,24,119
"562",8477935,2022,"Sam Bennett","FLA","C","5on5",63,50444,1053,272,0.58,0.56,229,27,9,354,25,29,136
"563",8477492,2022,"Nathan MacKinnon","COL","C","5on5",71,73410,1495,135,0.54,0.56,398,65,25,452,39,34,47
"564",8482097,2022,"Jack Quinn","BUF","R","5on5",75,51711,1120,580,0.51,0.5,205,30,13,10,25,23,38
"565",8476881,2022,"Tomas Hertl","SJS","C","5on5",79,71724,1507,215,0.52,0.52,238,33,13,582,43,29,88
"566",8478136,2022,"Jake Middleton","MIN","D","5on5",79,77443,1543,276,0.49,0.47,162,14,3,0,14,22,106
"567",8474040,2022,"Sam Gagner","WPG","C","5on5",48,30028,681,397,0.51,0.53,103,10,6,9,12,6,15
"568",8471685,2022,"Anze Kopitar","LAK","C","5on5",82,72115,1471,238,0.54,0.52,210,46,17,590,35,35,57
"569",8475184,2022,"Chris Kreider","NYR","L","5on5",79,60823,1261,536,0.52,0.51,227,28,19,33,21,25,118
"570",8478445,2022,"Mathew Barzal","NYI","C","5on5",58,50293,1053,179,0.52,0.55,159,30,9,97,44,42,24
"571",8477947,2022,"Sonny Milano","WSH","L","5on5",64,45976,973,473,0.51,0.5,129,27,10,0,21,18,38
"572",8477971,2022,"Andreas Englund","CHI","D","5on5",47,31829,743,264,0.5,0.49,72,3,0,0,8,7,127
"573",8479410,2022,"Mikhail Sergachev","TBL","D","5on5",79,86795,1699,162,0.53,0.52,279,33,7,0,44,39,108
"574",8478413,2022,"Jordan Greenway","BUF","L","5on5",62,46230,975,422,0.47,0.46,171,10,5,2,11,12,103
"575",8478403,2022,"Jack Eichel","VGK","C","5on5",67,58947,1169,265,0.53,0.49,243,39,20,305,43,50,58
"576",8480002,2022,"Nico Hischier","NJD","C","5on5",81,65554,1547,443,0.6,0.55,286,45,14,599,47,29,30
"577",8477447,2022,"Shea Theodore","VGK","D","5on5",55,60368,1217,127,0.54,0.51,222,28,5,0,24,21,13
"578",8482116,2022,"Tim Sttzle","OTT","L","5on5",78,71143,1534,181,0.54,0.55,265,47,21,191,49,41,108
"579",8480801,2022,"Brady Tkachuk","OTT","L","5on5",82,67854,1665,366,0.56,0.56,376,45,20,191,30,38,227
"580",8475794,2022,"Tyler Seguin","DAL","C","5on5",76,58907,1293,389,0.54,0.53,220,31,10,378,22,22,75
"581",8473504,2022,"Cal Clutterbuck","NYI","R","5on5",49,30135,805,501,0.47,0.48,70,10,5,0,8,14,190
"582",8480459,2022,"Pius Suter","DET","C","5on5",79,56336,1184,552,0.49,0.46,154,20,12,197,20,12,34
"583",8480845,2022,"Rasmus Kupari","LAK","C","5on5",66,35152,796,667,0.51,0.49,87,14,3,202,13,10,77
"584",8477034,2022,"Jaycob Megna","SEA","D","5on5",54,54552,1097,177,0.52,0.55,121,10,1,0,11,25,78
"585",8480018,2022,"Nick Suzuki","MTL","C","5on5",82,74164,1405,203,0.42,0.46,182,42,15,476,34,41,44
"586",8482078,2022,"Lucas Raymond","DET","L","5on5",74,60111,1244,313,0.43,0.46,167,20,10,3,30,23,39
"587",8480220,2022,"Noah Cates","PHI","L","5on5",82,66381,1577,459,0.48,0.47,146,25,8,327,43,9,74
"588",8480036,2022,"Miro Heiskanen","DAL","D","5on5",79,94091,1757,114,0.53,0.54,300,30,5,0,38,54,44
"589",8475172,2022,"Nazem Kadri","CGY","C","5on5",82,66437,1496,326,0.53,0.58,345,37,13,456,32,36,96
"590",8481559,2022,"Jack Hughes","NJD","C","5on5",78,73945,1489,154,0.58,0.57,361,56,28,149,52,61,9
"591",8479400,2022,"Pierre-Luc Dubois","WPG","L","5on5",73,61543,1351,308,0.53,0.52,255,31,13,383,36,43,68
"592",8481533,2022,"Trevor Zegras","ANA","C","5on5",81,74669,1505,223,0.42,0.47,271,41,16,219,27,56,35
"593",8478882,2022,"Vladislav Gavrikov","LAK","D","5on5",72,76728,1507,185,0.48,0.48,142,13,3,0,20,13,62
"594",8480796,2022,"Martin Fehervary","WSH","D","5on5",67,71276,1444,183,0.47,0.47,172,14,4,0,12,32,209
"595",8481596,2022,"Shane Pinto","OTT","C","5on5",82,63996,1408,414,0.51,0.51,188,23,14,422,34,26,70
"596",8474586,2022,"Jordan Eberle","SEA","R","5on5",82,67314,1448,382,0.52,0.52,256,44,16,26,52,28,37
"597",8481542,2022,"Moritz Seider","DET","D","5on5",82,81591,1692,265,0.47,0.47,194,21,3,0,19,34,150
"598",8475164,2022,"Jakob Silfverberg","ANA","R","5on5",81,51536,1225,760,0.37,0.4,158,15,6,9,20,15,9
"599",8478542,2022,"Evan Rodrigues","COL","C","5on5",69,62033,1267,304,0.56,0.56,258,24,8,93,27,26,33
"600",8479439,2022,"Jacob MacDonald","SJS","D","5on5",58,38679,811,315,0.51,0.49,130,7,1,0,10,30,65
"601",8475765,2022,"Vladimir Tarasenko","NYR","R","5on5",69,57355,1241,352,0.43,0.45,203,31,12,0,23,22,72
"602",8480014,2022,"Gabriel Vilardi","LAK","R","5on5",63,46430,992,424,0.57,0.54,154,29,17,36,22,13,37
"603",8479328,2022,"Julien Gauthier","OTT","R","5on5",57,29040,685,590,0.44,0.45,93,14,9,3,13,10,105
"604",8478841,2022,"Colton White","ANA","D","5on5",46,36831,801,239,0.38,0.41,55,4,0,0,7,11,33
"605",8479580,2022,"Dylan Gambrell","OTT","C","5on5",60,32839,833,562,0.42,0.45,82,8,4,123,10,13,59
"606",8481546,2022,"Cam York","PHI","D","5on5",54,54895,1136,176,0.52,0.49,99,14,2,0,10,22,41
"607",8479976,2022,"Juuso Valimaki","ARI","D","5on5",78,71339,1550,262,0.51,0.5,160,17,2,0,14,44,48
"608",8475784,2022,"Jeff Skinner","BUF","L","5on5",79,65126,1412,344,0.51,0.54,313,56,25,100,40,39,19
"609",8481524,2022,"Bowen Byram","COL","D","5on5",42,48005,955,90,0.47,0.51,114,13,5,0,12,16,77
"610",8478067,2022,"Oskar Lindblom","SJS","L","5on5",73,40870,1028,752,0.45,0.45,124,14,6,8,12,12,62
"611",8476457,2022,"Adam Larsson","SEA","D","5on5",82,97656,1890,123,0.53,0.55,282,28,6,0,29,29,196
"612",8479335,2022,"Rasmus Asplund","NSH","C","5on5",46,27263,607,423,0.44,0.46,67,6,1,17,6,2,23
"613",8480145,2022,"Neal Pionk","WPG","D","5on5",82,86443,1858,208,0.48,0.49,234,24,6,0,27,44,135
"614",8475752,2022,"Tyler Pitlick","STL","C","5on5",61,35863,801,611,0.44,0.45,94,16,7,2,18,6,103
"615",8478911,2022,"Matt Roy","LAK","D","5on5",82,78783,1522,299,0.56,0.52,228,18,5,0,6,38,105
